<profile version="1.0">
  <option name="myName" value="Default" />
  <inspection_tool class="PyPackageRequirementsInspection" enabled="true" level="WARNING" enabled_by_default="true">
    <option name="ignoredPackages">
      <value>
        <list size="14">
          <item index="0" class="java.lang.String" itemvalue="pyinstaller" />
          <item index="1" class="java.lang.String" itemvalue="pydantic" />
          <item index="2" class="java.lang.String" itemvalue="pytest" />
          <item index="3" class="java.lang.String" itemvalue="typing-extensions" />
          <item index="4" class="java.lang.String" itemvalue="requests" />
          <item index="5" class="java.lang.String" itemvalue="pytest-asyncio" />
          <item index="6" class="java.lang.String" itemvalue="types-requests" />
          <item index="7" class="java.lang.String" itemvalue="pytest-mypy" />
          <item index="8" class="java.lang.String" itemvalue="ovirt-engine-sdk-python" />
          <item index="9" class="java.lang.String" itemvalue="screeninfo" />
          <item index="10" class="java.lang.String" itemvalue="ifaddr" />
          <item index="11" class="java.lang.String" itemvalue="asyncssh" />
          <item index="12" class="java.lang.String" itemvalue="pyone" />
          <item index="13" class="java.lang.String" itemvalue="python-dotenv" />
        </list>
      </value>
    </option>
  </inspection_tool>
</profile>